,train,test
0,-102.9052770028875,-110.86146943382143
1,-122.08311575960167,-126.54867198898917
2,-133.04939331775353,-115.99859605079227
3,-121.23170498825453,-184.01640262290718
